{"data":{"prodesa":{"id":"e443cd86-3ca4-5dea-9998-82860163a715","childImageSharp":{"fluid":{"originalImg":"/static/643a570dc0941c0301105e030c99da19/b1405/prodesa_normal.png"}}},"prodesaHover":{"id":"a3511305-45ab-5135-b5f4-47ca7bbc5b7c","childImageSharp":{"fluid":{"originalImg":"/static/4a12fb9cf0ccf5085aa74765958c4db4/b1405/prodesa_hover.png"}}},"centenario":{"id":"ee905c9c-af89-5a48-a0bb-28166bdc655d","childImageSharp":{"fluid":{"originalImg":"/static/81a21842c9dc7d0fc9e271d334d78d35/da326/centenario_normal.png"}}},"centenarioHover":{"id":"f1f51ab4-73f6-505f-a840-c0cb54904080","childImageSharp":{"fluid":{"originalImg":"/static/e8f48784e18df43078d2f7853c353983/da326/centenario_hover.png"}}},"camu":{"id":"dc80acd2-d54e-593d-8a6d-8142a10abfde","childImageSharp":{"fluid":{"originalImg":"/static/56a5c9ee658393e2ddfbd8dada339bda/d8815/camu_normal.png"}}},"camuHover":{"id":"7f3cd04a-0094-5a6e-8dc2-ae8b774ffeed","childImageSharp":{"fluid":{"originalImg":"/static/a2293ea7eab92f193839e0d381392917/d8815/camu_hover.png"}}},"colpatria":{"id":"ced3ce25-a17b-593f-bba1-a4779a65b3a8","childImageSharp":{"fluid":{"originalImg":"/static/9a9134d5c24ed6be8f13c927ab54d728/87165/colpatria_normal.png"}}},"jaramillo":{"id":"e1f4dc44-1075-59e7-9e26-2d96bd08ea05","childImageSharp":{"fluid":{"originalImg":"/static/e1c6cd58baf077586b9522f6bbe8b345/87165/jaramillo_normal.png"}}},"jaramilloHover":{"id":"f5aef684-239d-542b-9e4f-6ee716a4b61b","childImageSharp":{"fluid":{"originalImg":"/static/62639ec4f01b019d4369c0e0663a20e9/87165/jaramillo_hover.png"}}}}}