{"errors":[],"warnings":[],"namedChunkGroups":{"polyfill":{"chunks":[2,8],"assets":["webpack-runtime-1eb60f2b05150a68335a.js","webpack-runtime-1eb60f2b05150a68335a.js.map","polyfill-ca8adf9770cfeec4c092.js","polyfill-ca8adf9770cfeec4c092.js.map"],"children":{},"childAssets":{}},"app":{"chunks":[2,0,7,3],"assets":["webpack-runtime-1eb60f2b05150a68335a.js","webpack-runtime-1eb60f2b05150a68335a.js.map","styles.a87c048159687cf991f8.css","styles-407fe62976dc5310c43e.js","styles-407fe62976dc5310c43e.js.map","framework-dbb498007a7447f28d8e.js","framework-dbb498007a7447f28d8e.js.map","app-5681727474b437243565.js","app-5681727474b437243565.js.map"],"children":{},"childAssets":{}},"component---cache-caches-gatsby-plugin-offline-app-shell-js":{"chunks":[4],"assets":["component---cache-caches-gatsby-plugin-offline-app-shell-js-b0556ce5127c1a3e2490.js","component---cache-caches-gatsby-plugin-offline-app-shell-js-b0556ce5127c1a3e2490.js.map"],"children":{},"childAssets":{}},"component---src-pages-index-js":{"chunks":[0,1,5],"assets":["styles.a87c048159687cf991f8.css","styles-407fe62976dc5310c43e.js","styles-407fe62976dc5310c43e.js.map","8f4c802e7ec9d1e50110c7da5421dfeb125f39e7-eb49a35151c250f4be5e.js","8f4c802e7ec9d1e50110c7da5421dfeb125f39e7-eb49a35151c250f4be5e.js.map","component---src-pages-index-js-8bca9f111c01181f8b5f.js","component---src-pages-index-js-8bca9f111c01181f8b5f.js.map"],"children":{},"childAssets":{}},"component---src-pages-politica-js":{"chunks":[0,1,6],"assets":["styles.a87c048159687cf991f8.css","styles-407fe62976dc5310c43e.js","styles-407fe62976dc5310c43e.js.map","8f4c802e7ec9d1e50110c7da5421dfeb125f39e7-eb49a35151c250f4be5e.js","8f4c802e7ec9d1e50110c7da5421dfeb125f39e7-eb49a35151c250f4be5e.js.map","component---src-pages-politica-js-02936e3acc30cde2d719.js","component---src-pages-politica-js-02936e3acc30cde2d719.js.map"],"children":{},"childAssets":{}}},"assetsByChunkName":{"polyfill":["webpack-runtime-1eb60f2b05150a68335a.js","polyfill-ca8adf9770cfeec4c092.js"],"app":["webpack-runtime-1eb60f2b05150a68335a.js","styles.a87c048159687cf991f8.css","styles-407fe62976dc5310c43e.js","framework-dbb498007a7447f28d8e.js","app-5681727474b437243565.js"],"component---cache-caches-gatsby-plugin-offline-app-shell-js":["component---cache-caches-gatsby-plugin-offline-app-shell-js-b0556ce5127c1a3e2490.js"],"component---src-pages-index-js":["styles.a87c048159687cf991f8.css","styles-407fe62976dc5310c43e.js","8f4c802e7ec9d1e50110c7da5421dfeb125f39e7-eb49a35151c250f4be5e.js","component---src-pages-index-js-8bca9f111c01181f8b5f.js"],"component---src-pages-politica-js":["styles.a87c048159687cf991f8.css","styles-407fe62976dc5310c43e.js","8f4c802e7ec9d1e50110c7da5421dfeb125f39e7-eb49a35151c250f4be5e.js","component---src-pages-politica-js-02936e3acc30cde2d719.js"]}}